{"val_accuracy":0.09833333333333333,"_timestamp":1.7415825001238155e+09,"training_accuracy":0.10018518518518518,"_runtime":8.5083133,"training_loss":2.3996931005715423,"val_loss":2.399532220115409,"_wandb":{"runtime":8},"_step":9,"epoch":9}