{"val_loss":2.30258500456667,"_timestamp":1.741367879812573e+09,"_runtime":27.1240423,"_wandb":{"runtime":27},"_step":9,"epoch":9}