{"val_accuracy":0.62,"_step":9,"_timestamp":1.7415874516115146e+09,"_runtime":27.3781419,"epoch":9,"val_loss":1.0827074874640794,"_wandb":{"runtime":27},"training_accuracy":0.6003148148148149,"training_loss":1.119289178465095}