{"_wandb":{"runtime":72},"training_accuracy":0.6649444444444444,"_runtime":72.8920874,"val_accuracy":0.6436666666666667,"_step":9,"epoch":9,"val_loss":1.0705507491906778,"training_loss":1.1163392855995373,"_timestamp":1.741586271063971e+09}