{"_timestamp":1.7415227490926623e+09,"val_accuracy":0.09833333333333333,"epoch":9,"_step":9,"training_loss":2.3037388303183755,"training_accuracy":0.10018518518518518,"_runtime":22.5083204,"_wandb":{"runtime":22},"val_loss":2.303229304393929}