{"val_accuracy":0.6115,"training_accuracy":0.6351111111111111,"_runtime":22.8361722,"val_loss":1.1746148474105764,"_wandb":{"runtime":22},"_step":9,"epoch":9,"training_loss":1.2495709195381455,"_timestamp":1.7415874799227273e+09}