{"training_loss":2.3045848233427053,"val_loss":2.3059050217378405,"_step":9,"val_accuracy":0.09333333333333334,"_timestamp":1.7421275834655495e+09,"epoch":9,"_wandb":{"runtime":29},"training_accuracy":0.10074074074074074,"_runtime":29.0228342}