{"_timestamp":1.7421289855690563e+09,"training_loss":0.9082353675535962,"_wandb":{"runtime":25},"epoch":9,"_runtime":25.7161062,"training_accuracy":0.6875555555555556,"_step":9,"val_loss":0.8803541842545021,"val_accuracy":0.6898333333333333}