{"_wandb":{"runtime":13},"val_loss":2.3025373855340123,"training_loss":2.302536309606266,"_timestamp":1.7415225950058932e+09,"val_accuracy":0.14783333333333334,"epoch":9,"_runtime":13.7308654,"training_accuracy":0.14577777777777778,"_step":9}