{"val_accuracy":0.6133333333333333,"_wandb":{"runtime":41},"_runtime":41.2152686,"epoch":9,"val_loss":1.116133061226092,"_step":9,"_timestamp":1.742128508017835e+09,"training_loss":1.1657906447492108,"training_accuracy":0.6473333333333333}