{"_wandb":{"runtime":14},"training_accuracy":0.5135925925925926,"val_loss":1.4417083024218091,"training_loss":1.5162839623849025,"epoch":9,"val_accuracy":0.5046666666666667,"_timestamp":1.7421301997908485e+09,"_runtime":14.2028486,"_step":9}