{"_step":9,"val_loss":2.3050792271001126,"epoch":9,"training_loss":2.304220402552085,"_wandb":{"runtime":23},"_runtime":23.2390224,"training_accuracy":0.10074074074074074,"_timestamp":1.7415247453824992e+09,"val_accuracy":0.09333333333333334}