{"_step":9,"_runtime":16.8139516,"_timestamp":1.7421280757637103e+09,"epoch":9,"training_accuracy":0.539962962962963,"_wandb":{"runtime":16},"val_accuracy":0.5625,"training_loss":1.5671846288415903,"val_loss":1.5254956515682154}