{"_runtime":18.1522625,"_step":9,"val_accuracy":0.052333333333333336,"_timestamp":1.7415222419989963e+09,"_wandb":{"runtime":18},"epoch":9,"val_loss":2.3025851691499937,"training_accuracy":0.04738888888888889,"training_loss":2.302585178626025}