{"val_accuracy":0.6546666666666666,"epoch":9,"_wandb":{"runtime":15},"val_loss":1.1335470747259369,"_runtime":15.0321883,"_step":9,"training_loss":1.2602384036382193,"training_accuracy":0.6260185185185185,"_timestamp":1.742129467171505e+09}