{"_runtime":20.6911176,"_timestamp":1.741585422916032e+09,"training_loss":2.3028931733388185,"training_accuracy":0.1002962962962963,"val_accuracy":0.10716666666666666,"_step":4,"_wandb":{"runtime":20},"epoch":4,"val_loss":2.30295764383527}