{"loss":0.30464263195387814,"_timestamp":1.7413572196681106e+09,"_runtime":304.6920332,"Test Accuracy":0.8647,"_wandb":{"runtime":305},"_step":50,"epoch":49}