{"_timestamp":1.742129903032994e+09,"_step":4,"training_loss":2.304524846468335,"epoch":4,"_runtime":10.8038339,"val_accuracy":0.09833333333333333,"_wandb":{"runtime":10},"val_loss":2.305179512906268,"training_accuracy":0.10018518518518518}