{"_runtime":15.9399146,"_step":4,"epoch":4,"val_loss":2.3025849548393227,"_wandb":{"runtime":15},"_timestamp":1.7413682054357667e+09}