{"val_accuracy":0.10716666666666666,"_timestamp":1.7415012645683925e+09,"training_loss":2.3030069703497777,"val_loss":2.302386519037585,"epoch":9,"training_accuracy":0.09920370370370371,"_wandb":{"runtime":10},"_step":9,"_runtime":10.7458728}