{"_step":9,"epoch":9,"_wandb":{"runtime":16},"_timestamp":1.7415243920140104e+09,"val_loss":2.3025849816403885,"val_accuracy":0.11333333333333333,"training_loss":2.3025849680577997,"_runtime":16.9634315,"training_accuracy":0.11833333333333333}