{"_timestamp":1.7415233626659787e+09,"epoch":9,"_runtime":19.6753697,"training_loss":2.3036625018555417,"_step":9,"_wandb":{"runtime":19},"training_accuracy":0.09977777777777778,"val_loss":2.303690673641481,"val_accuracy":0.102}