{"loss":0.3179662640568377,"_timestamp":1.741887406430599e+09,"_runtime":360.3823606,"_step":49,"_wandb":{"runtime":360},"epoch":49}