{"_wandb":{"runtime":14},"_step":9,"epoch":9,"val_loss":2.3025851914791042,"_timestamp":1.741368278687795e+09,"_runtime":14.6026264}