{"_wandb":{"runtime":11},"val_loss":2.223497263574236,"epoch":4,"_runtime":11.8722675,"training_accuracy":0.11755555555555555,"_timestamp":1.7415826390251222e+09,"_step":4,"training_loss":2.2391872082465425,"val_accuracy":0.12766666666666668}