{"_runtime":14.6280341,"training_loss":2.3025849316724094,"val_accuracy":0.09333333333333334,"training_accuracy":0.10074074074074074,"val_loss":2.302584951478581,"_wandb":{"runtime":14},"_timestamp":1.7415247736486957e+09,"epoch":9,"_step":9}