{"_wandb":{"runtime":12},"_runtime":12.8320704,"_step":9,"epoch":9,"val_loss":2.302584896519344,"_timestamp":1.7413680729436297e+09}