{"loss":0.12440216912900313,"_timestamp":1.7418878567213058e+09,"_runtime":446.706823,"_step":49,"_wandb":{"runtime":446},"epoch":49}