{"val_accuracy":0.10133333333333333,"val_loss":2.30351603991743,"_timestamp":1.741524490582786e+09,"epoch":9,"_step":9,"training_loss":2.304135389204884,"_runtime":18.3029484,"training_accuracy":0.09985185185185186,"_wandb":{"runtime":18}}