{"val_accuracy":0.09616666666666666,"_runtime":43.9234876,"training_accuracy":0.10072222222222223,"val_loss":2.3025845679053174,"_timestamp":1.7415235058511198e+09,"_wandb":{"runtime":43},"_step":9,"epoch":9,"training_loss":2.3025845655736235}