{"epoch":9,"_runtime":5.776707,"_wandb":{"runtime":5},"val_accuracy":0.09333333333333334,"_step":9,"training_loss":2.302584990600234,"_timestamp":1.7415014740240374e+09,"val_loss":2.3025850056379276,"training_accuracy":0.10074074074074074}