{"val_loss":2.3025849895625776,"_wandb":{"runtime":5},"val_accuracy":0.108,"_timestamp":1.741583288229394e+09,"training_accuracy":0.10840740740740741,"epoch":4,"training_loss":2.3025849876157984,"_step":4,"_runtime":5.587499}