{"_step":9,"val_accuracy":0.6458333333333334,"epoch":9,"_runtime":24.2828038,"training_accuracy":0.6160555555555556,"val_loss":1.1140396122853595,"_wandb":{"runtime":24},"_timestamp":1.7415873881621165e+09,"training_loss":1.2003791332217437}