{"_wandb":{"runtime":19},"epoch":9,"training_accuracy":0.09968518518518518,"val_accuracy":0.10283333333333333,"_step":9,"_runtime":19.6005015,"val_loss":2.303096592253654,"_timestamp":1.7415238042559597e+09,"training_loss":2.3039724430753745}