{"training_accuracy":0.0971111111111111,"val_accuracy":0.093,"epoch":9,"_wandb":{"runtime":23},"val_loss":2.3025853430142273,"training_loss":2.3025851993885023,"_step":9,"_runtime":23.7941018,"_timestamp":1.7415834627989485e+09}