{"val_accuracy":0.5948333333333333,"epoch":4,"_wandb":{"runtime":6},"training_accuracy":0.474462962962963,"_timestamp":1.7421285208897989e+09,"_runtime":6.2578746,"_step":4,"val_loss":1.607423980669334,"training_loss":1.7465004804040076}