{"_runtime":15.7033804,"val_accuracy":0.09,"training_accuracy":0.09018518518518519,"_wandb":{"runtime":15},"_step":9,"training_loss":2.302584241144253,"val_loss":2.302584341012938,"_timestamp":1.7415227211036692e+09,"epoch":9}