{"training_accuracy":0.13098148148148148,"_wandb":{"runtime":16},"val_accuracy":0.11816666666666667,"training_loss":2.3025849735289436,"_runtime":16.1289907,"epoch":9,"_step":9,"val_loss":2.302584990342925,"_timestamp":1.74152305574384e+09}