{"_runtime":7.5598582,"val_loss":2.302585246771294,"training_loss":2.3025851677950278,"epoch":4,"training_accuracy":0.12607407407407406,"val_accuracy":0.1175,"_wandb":{"runtime":7},"_timestamp":1.741587245732926e+09,"_step":4}