{"_timestamp":1.7415851921775296e+09,"epoch":4,"training_loss":2.302072567215981,"val_loss":2.301914299343451,"training_accuracy":0.3042037037037037,"val_accuracy":0.31266666666666665,"_wandb":{"runtime":9},"_runtime":9.5866851,"_step":4}