{"val_loss":2.3025769320492824,"epoch":4,"training_loss":2.302578181609963,"training_accuracy":0.1633888888888889,"_runtime":6.7127531000000005,"_step":4,"val_accuracy":0.17166666666666666,"_timestamp":1.7415874030374062e+09,"_wandb":{"runtime":6}}