{"_step":4,"training_loss":2.4125137334241464,"val_accuracy":0.09733333333333333,"_wandb":{"runtime":5},"training_accuracy":0.1002962962962963,"epoch":4,"val_loss":2.4086731882589203,"_timestamp":1.7421299994955425e+09,"_runtime":5.3494395}