{"val_accuracy":0.1065,"training_accuracy":0.10544444444444444,"_step":9,"_timestamp":1.7415876453336668e+09,"training_loss":2.3135147154443665,"val_loss":2.311911543282286,"_wandb":{"runtime":18},"_runtime":18.4602107,"epoch":9}