{"training_accuracy":0.09996296296296296,"val_loss":2.3036368701799765,"val_accuracy":0.10033333333333333,"training_loss":2.3038599394897328,"_timestamp":1.7415224509949203e+09,"epoch":9,"_wandb":{"runtime":20},"_step":9,"_runtime":20.9002503}