{"val_loss":2.302493024243942,"_runtime":11.781206,"training_loss":2.302928025705732,"_step":9,"epoch":9,"training_accuracy":0.09920370370370371,"_wandb":{"runtime":11},"_timestamp":1.741587708863499e+09,"val_accuracy":0.10716666666666666}