{"_runtime":6.8205902,"_step":4,"val_loss":2.3025919375450177,"_timestamp":1.74152445162632e+09,"_wandb":{"runtime":6},"epoch":4,"training_loss":2.3025903578242017,"val_accuracy":0.07033333333333333,"training_accuracy":0.07694444444444444}