{"epoch":4,"val_loss":2.30258503450772,"_timestamp":1.7413681563377306e+09,"_runtime":15.2399725,"_step":4,"_wandb":{"runtime":15}}