{"_runtime":6.6120924,"epoch":4,"_step":4,"_timestamp":1.7415825516678994e+09,"val_loss":2.363603482083852,"training_loss":2.3657882747081156,"training_accuracy":0.10074074074074074,"_wandb":{"runtime":6},"val_accuracy":0.09333333333333334}