{"_wandb":{"runtime":8},"training_accuracy":0.11151851851851852,"val_accuracy":0.1095,"_runtime":8.6168597,"training_loss":2.2904377321645875,"_timestamp":1.7415011543956313e+09,"_step":4,"val_loss":2.2890567633471544,"epoch":4}