{"_step":9,"_wandb":{"runtime":29},"epoch":9,"val_loss":2.3025850193368504,"_timestamp":1.7413681331749825e+09,"_runtime":29.8953945}