{"val_accuracy":0.7001666666666667,"_runtime":24.2221666,"training_accuracy":0.6762222222222222,"_timestamp":1.741587508654416e+09,"epoch":9,"_wandb":{"runtime":24},"val_loss":1.224592399371224,"training_loss":1.3633363134376273,"_step":9}