{"_step":0,"_wandb":{"runtime":1},"test_loss":0.36562136640801873,"test_accuracy":0.8715,"confusion_matrix_best":{"_type":"image-file","sha256":"cfd4d8831b87039ad07f9810bcba1226a578a7981bbf8b3eedb81455c63145af","size":43407,"path":"media/images/confusion_matrix_best_0_cfd4d8831b87039ad07f.png","format":"png","width":800,"height":600},"_timestamp":1.7422288470793967e+09,"_runtime":0.8974566}