{"val_accuracy":0.6598333333333334,"epoch":9,"training_loss":1.2318059960199845,"training_accuracy":0.6462962962962963,"_runtime":15.6939444,"val_loss":1.1041256996866675,"_step":9,"_wandb":{"runtime":15},"_timestamp":1.7415873467874463e+09}