{"_step":9,"training_loss":1.3327137709731443,"_runtime":12.4804786,"val_loss":1.2545934968576382,"_timestamp":1.742130017869909e+09,"epoch":9,"training_accuracy":0.5673148148148148,"val_accuracy":0.6095,"_wandb":{"runtime":12}}