{"val_accuracy":0.16183333333333333,"training_loss":2.2839242455711446,"_step":9,"training_accuracy":0.1481111111111111,"val_loss":2.27531934687743,"_timestamp":1.7415854654187188e+09,"_runtime":9.4990468,"_wandb":{"runtime":9},"epoch":9}