{"val_accuracy":0.5218333333333334,"_wandb":{"runtime":4},"training_loss":1.8042927488724076,"_runtime":4.6990507,"_timestamp":1.7421289965079017e+09,"training_accuracy":0.3919259259259259,"val_loss":1.6741173248352779,"epoch":4,"_step":4}