{"val_accuracy":0.504,"epoch":9,"val_loss":1.9351240152370468,"_runtime":71.6094439,"_step":9,"training_accuracy":0.46620370370370373,"training_loss":1.9751036482993654,"_timestamp":1.741585971772013e+09,"_wandb":{"runtime":71}}