{"val_loss":2.3024328518400776,"_runtime":47.4194549,"val_accuracy":0.263,"training_accuracy":0.2877777777777778,"_timestamp":1.7421276391274629e+09,"training_loss":2.3024591372993175,"_wandb":{"runtime":47},"_step":9,"epoch":9}