{"_wandb":{"runtime":30},"val_loss":2.302584926757508,"val_accuracy":0.15883333333333333,"training_loss":2.3025849102568734,"epoch":9,"_timestamp":1.7415013228114839e+09,"_step":9,"_runtime":30.597132,"training_accuracy":0.17887037037037037}