{"_step":9,"epoch":9,"val_loss":2.302585006242046,"training_accuracy":0.10074074074074074,"val_accuracy":0.09333333333333334,"_runtime":25.8450744,"training_loss":2.302584857719651,"_wandb":{"runtime":25},"_timestamp":1.7415837149865496e+09}