{"val_loss":2.303603578791434,"_timestamp":1.741586993371425e+09,"_runtime":24.8305787,"epoch":4,"training_accuracy":0.10018518518518518,"training_loss":2.303295788357283,"val_accuracy":0.09833333333333333,"_step":4,"_wandb":{"runtime":24}}