{"_runtime":11.0643128,"val_accuracy":0.5036666666666667,"val_loss":1.3720634268118395,"_timestamp":1.7421283593297727e+09,"_wandb":{"runtime":11},"training_accuracy":0.5173333333333333,"_step":9,"epoch":9,"training_loss":1.4347455481032187}