{"_runtime":13.2174636,"val_accuracy":0.0205,"epoch":9,"_wandb":{"runtime":13},"val_loss":2.302628826458931,"_step":9,"training_loss":2.3026306317189413,"_timestamp":1.7415247133808954e+09,"training_accuracy":0.023407407407407408}