{"_wandb":{"runtime":32},"training_accuracy":0.6317777777777778,"val_loss":1.0564037226351186,"_runtime":32.7646677,"epoch":9,"val_accuracy":0.6501666666666667,"_timestamp":1.7415871145030215e+09,"_step":9,"training_loss":1.2006584101808717}