{"training_loss":2.2148667050111146,"val_accuracy":0.33116666666666666,"epoch":9,"_timestamp":1.7421287107126882e+09,"_runtime":14.3207398,"val_loss":2.2066035749155963,"_wandb":{"runtime":14},"training_accuracy":0.3118518518518518,"_step":9}