{"_wandb":{"runtime":21},"epoch":9,"val_loss":2.3025873573596978,"_timestamp":1.7413681839688435e+09,"_runtime":21.2883131,"_step":9}