{"val_accuracy":0.10883333333333334,"training_accuracy":0.12192592592592592,"_wandb":{"runtime":21},"epoch":9,"training_loss":2.3025849551885202,"_step":9,"_runtime":21.4771729,"val_loss":2.3025849696102907,"_timestamp":1.7415225758261151e+09}