{"_runtime":15.1718518,"val_loss":1.0550675869201138,"val_accuracy":0.6623333333333333,"training_accuracy":0.6714259259259259,"_timestamp":1.7421297780695624e+09,"training_loss":1.1707269470389308,"_step":9,"_wandb":{"runtime":15},"epoch":9}