{"val_accuracy":0.10283333333333333,"_runtime":12.8653884,"_step":9,"_timestamp":1.7415012833301628e+09,"training_loss":2.302869594933373,"_wandb":{"runtime":12},"epoch":9,"val_loss":2.3026115828470153,"training_accuracy":0.09968518518518518}