{"_runtime":4.0784082,"val_loss":2.188925547494642,"_timestamp":1.742130068810468e+09,"_wandb":{"runtime":4},"val_accuracy":0.2505,"epoch":4,"training_accuracy":0.1237962962962963,"_step":4,"training_loss":2.218932166432642}