{"_step":9,"training_loss":2.302584918540938,"val_accuracy":0.09333333333333334,"_runtime":18.178822,"training_accuracy":0.10074074074074074,"epoch":9,"val_loss":2.3025849395822844,"_timestamp":1.74152332895448e+09,"_wandb":{"runtime":18}}