{"val_loss":2.4429803137734902,"_wandb":{"runtime":7},"training_loss":2.451723499511253,"training_accuracy":0.09920370370370371,"_step":4,"val_accuracy":0.10716666666666666,"epoch":4,"_runtime":7.6126469,"_timestamp":1.7415221030274367e+09}