{"training_loss":1.325086918967924,"val_accuracy":0.6683333333333333,"val_loss":1.2578865281808147,"_step":9,"_timestamp":1.742129393554831e+09,"epoch":9,"training_accuracy":0.6527037037037037,"_wandb":{"runtime":26},"_runtime":26.6507521}