{"epoch":9,"training_loss":2.43657970062828,"val_accuracy":0.099,"_wandb":{"runtime":8},"val_loss":2.447339978376328,"_timestamp":1.7415852662450986e+09,"training_accuracy":0.10011111111111111,"_runtime":8.6810899,"_step":9}