{"loss":0.296578203861852,"_timestamp":1.7418020454346542e+09,"Test Accuracy":0.8692,"_wandb":{"runtime":230},"_runtime":229.9825586,"_step":50,"epoch":49}