{"val_loss":2.3041178648959275,"_wandb":{"runtime":12},"_step":4,"epoch":4,"training_accuracy":0.09977777777777778,"val_accuracy":0.102,"_runtime":12.3598053,"training_loss":2.3038816387957404,"_timestamp":1.7415825313183827e+09}