{"training_accuracy":0.522537037037037,"val_loss":1.4397997458414562,"_timestamp":1.742129518479891e+09,"_step":9,"training_loss":1.4972544026821588,"_wandb":{"runtime":16},"val_accuracy":0.5735,"epoch":9,"_runtime":16.4966857}