{"val_accuracy":0.18533333333333332,"training_loss":2.301962587350145,"training_accuracy":0.10074074074074074,"_runtime":53.4798398,"_timestamp":1.741586733775356e+09,"_wandb":{"runtime":53},"val_loss":2.300932298016675,"_step":9,"epoch":9}