{"_wandb":{"runtime":14},"_timestamp":1.742128657343425e+09,"training_accuracy":0.29488888888888887,"_step":9,"epoch":9,"val_loss":2.199912982031161,"_runtime":14.1465343,"val_accuracy":0.30716666666666664,"training_loss":2.211333886528609}