{"val_loss":1.6125749781965009,"_timestamp":1.7415826130293715e+09,"val_accuracy":0.6098333333333333,"training_loss":1.652267049263059,"epoch":9,"_step":9,"training_accuracy":0.5229259259259259,"_wandb":{"runtime":13},"_runtime":13.2073446}