{"val_accuracy":0.09833333333333333,"epoch":9,"training_accuracy":0.10018518518518518,"training_loss":2.306088154912281,"_wandb":{"runtime":22},"_runtime":22.2557585,"_step":9,"_timestamp":1.7415237364259484e+09,"val_loss":2.3063541257906115}