{"training_loss":2.3043137840697763,"val_accuracy":0.102,"_step":9,"training_accuracy":0.09977777777777778,"_wandb":{"runtime":20},"_runtime":20.6551298,"val_loss":2.3045067113184907,"_timestamp":1.741522946543927e+09,"epoch":9}