{"val_accuracy":0.636,"_timestamp":1.742129863190311e+09,"_runtime":13.89102,"val_loss":1.1509432466123886,"training_loss":1.287609019233378,"training_accuracy":0.6229444444444444,"epoch":9,"_wandb":{"runtime":13},"_step":9}