{"training_loss":2.3025832217879767,"val_accuracy":0.08883333333333333,"val_loss":2.302583697591322,"_wandb":{"runtime":6},"_runtime":6.1565426,"_step":4,"_timestamp":1.7415238926941164e+09,"training_accuracy":0.08935185185185185,"epoch":4}