{"_runtime":8.5267436,"_step":9,"_wandb":{"runtime":8},"epoch":9,"val_loss":2.302585035967526,"_timestamp":1.7413678017478662e+09}