{"training_loss":2.304418333460982,"_step":4,"val_loss":2.3040913134967482,"training_accuracy":0.09985185185185186,"val_accuracy":0.10133333333333333,"epoch":4,"_timestamp":1.7415221207843397e+09,"_runtime":9.1481407,"_wandb":{"runtime":9}}