{"_step":4,"training_loss":2.302588638999156,"_timestamp":1.7415875406402192e+09,"_runtime":3.2487001,"epoch":4,"training_accuracy":0.06764814814814815,"val_loss":2.302588755296438,"_wandb":{"runtime":3},"val_accuracy":0.06683333333333333}