{"_wandb":{"runtime":13},"val_loss":2.302585892718082,"_timestamp":1.7415243243881264e+09,"training_accuracy":0.10011111111111111,"_step":9,"training_loss":2.302585767228554,"epoch":9,"val_accuracy":0.099,"_runtime":13.6436107}