{"_wandb":{"runtime":7},"_runtime":7.6684752,"epoch":9,"_timestamp":1.7415013373695076e+09,"training_loss":2.3025850182544683,"val_accuracy":0.09333333333333334,"_step":9,"training_accuracy":0.10074074074074074,"val_loss":2.3025850336340112}