{"training_loss":1.1554945600114213,"training_accuracy":0.6422222222222222,"val_accuracy":0.6243333333333333,"_runtime":48.9693298,"_wandb":{"runtime":49},"_step":9,"epoch":9,"val_loss":1.0949153536019922,"_timestamp":1.7421293615616868e+09}