{"val_accuracy":0.08533333333333333,"training_loss":2.3025852109274987,"_runtime":19.841762,"_step":9,"training_accuracy":0.07922222222222222,"_wandb":{"runtime":19},"epoch":9,"val_loss":2.302585183917616,"_timestamp":1.7415854489569602e+09}