{"training_accuracy":0.41835185185185186,"val_loss":1.9398153920204406,"_timestamp":1.741587417217389e+09,"_wandb":{"runtime":9},"_step":4,"_runtime":9.8779179,"training_loss":2.061537840141475,"val_accuracy":0.346,"epoch":4}