{"_step":4,"val_accuracy":0.09333333333333334,"epoch":4,"training_accuracy":0.10074074074074074,"training_loss":2.3029579675063774,"_wandb":{"runtime":13},"_runtime":13.1948405,"val_loss":2.3034484110416065,"_timestamp":1.7415853621085777e+09}