{"val_accuracy":0.03333333333333333,"_wandb":{"runtime":30},"_step":9,"_timestamp":1.7415240037222145e+09,"_runtime":30.4379859,"epoch":9,"training_accuracy":0.033796296296296297,"val_loss":2.302585036897694,"training_loss":2.3025850297308357}