{"_wandb":{"runtime":23},"_step":9,"epoch":9,"val_loss":2.3025849014972826,"_timestamp":1.7413679348118653e+09,"_runtime":23.1685667}