{"val_accuracy":0.15516666666666667,"_timestamp":1.741522865313555e+09,"training_accuracy":0.16033333333333333,"training_loss":2.3025846755533506,"val_loss":2.302585205336971,"_runtime":9.808746,"_wandb":{"runtime":9},"epoch":4,"_step":4}