{"_runtime":72.0998792,"training_loss":0.9001209500889391,"training_accuracy":0.7094074074074074,"_wandb":{"runtime":72},"_timestamp":1.7421278285911584e+09,"epoch":9,"val_loss":0.8531857305510034,"val_accuracy":0.699,"_step":9}