{"_wandb":{"runtime":4},"epoch":9,"val_loss":2.30044773325006,"_timestamp":1.7413677289162433e+09,"_runtime":4.6155901,"_step":9}