{"_runtime":43.7267764,"_timestamp":1.7415826873044894e+09,"val_loss":1.7818164960984129,"_step":9,"val_accuracy":0.21083333333333334,"epoch":9,"training_accuracy":0.19996296296296295,"_wandb":{"runtime":43},"training_loss":1.8366793989530714}