{"val_accuracy":0.10283333333333333,"epoch":9,"training_accuracy":0.09968518518518518,"val_loss":2.303255065068091,"training_loss":2.3042433527006057,"_timestamp":1.7415235927049274e+09,"_step":9,"_wandb":{"runtime":24},"_runtime":24.2845151}