{"training_accuracy":0.10018518518518518,"_timestamp":1.741522183820818e+09,"_wandb":{"runtime":18},"training_loss":2.4350956683928664,"val_loss":2.43484545405672,"_step":9,"val_accuracy":0.09833333333333333,"_runtime":18.292164,"epoch":9}