{"epoch":9,"_timestamp":1.741586774336639e+09,"_wandb":{"runtime":35},"val_loss":1.551839654394409,"training_loss":1.6457453447718622,"_step":9,"training_accuracy":0.5200925925925926,"_runtime":35.1715657,"val_accuracy":0.463}