{"_wandb":{"runtime":25},"_runtime":25.8339612,"_step":9,"val_accuracy":0.10716666666666666,"_timestamp":1.741585396132708e+09,"val_loss":2.3970102823686403,"epoch":9,"training_loss":2.4034660846234046,"training_accuracy":0.09920370370370371}