{"training_accuracy":0.10018518518518518,"_wandb":{"runtime":20},"_step":9,"_runtime":20.7845278,"val_accuracy":0.09833333333333333,"_timestamp":1.7415832765730069e+09,"epoch":9,"val_loss":2.305570444542885,"training_loss":2.304037715609008}