{"_step":9,"training_accuracy":0.10072222222222223,"val_accuracy":0.09333333333333334,"_wandb":{"runtime":35},"epoch":9,"training_loss":2.3025849794641062,"val_loss":2.3025849994957843,"_timestamp":1.7415235550631757e+09,"_runtime":35.6145301}