{"_step":9,"epoch":9,"val_accuracy":0.24016666666666667,"_runtime":10.0441134,"_wandb":{"runtime":10},"training_accuracy":0.2452037037037037,"val_loss":2.2639628576560313,"training_loss":2.268181077121787,"_timestamp":1.742128175829347e+09}