{"val_accuracy":0.3561666666666667,"epoch":9,"training_accuracy":0.35468518518518516,"_timestamp":1.7415852809683137e+09,"_wandb":{"runtime":7},"val_loss":2.3025286670015834,"_runtime":7.3506246,"_step":9,"training_loss":2.3025381195753503}