{"_wandb":{"runtime":1},"_step":0,"test_loss":0.02135720060751104,"test_accuracy":0.8714,"confusion_matrix":{"_type":"image-file","sha256":"f6893164afaa5f11b829a3952e5b76f2aa9cfabfe31c5cf947fe1398b718e12e","size":44318,"path":"media/images/confusion_matrix_0_f6893164afaa5f11b829.png","format":"png","width":800,"height":600},"_timestamp":1.7422063273789215e+09,"_runtime":0.9960434}