{"val_loss":2.3034818498915697,"epoch":9,"training_loss":2.3036761028524473,"_step":9,"_timestamp":1.741522652038783e+09,"training_accuracy":0.09996296296296296,"val_accuracy":0.10033333333333333,"_wandb":{"runtime":21},"_runtime":21.9508061}