{"_wandb":{"runtime":17},"val_accuracy":0.14333333333333334,"_step":9,"training_accuracy":0.14185185185185184,"_timestamp":1.742128114337077e+09,"_runtime":17.8631245,"val_loss":2.302905189652387,"training_loss":2.303472284550298,"epoch":9}