{"_wandb":{"runtime":18},"_runtime":18.1479549,"val_accuracy":0.5018333333333334,"training_accuracy":0.5482962962962963,"epoch":9,"_timestamp":1.7415871759223368e+09,"_step":9,"training_loss":1.5187682094378192,"val_loss":1.4471499264123937}