{"epoch":9,"val_loss":2.3647902238454117,"_timestamp":1.7413678172788227e+09,"_wandb":{"runtime":7},"_runtime":7.6849351,"_step":9}