{"val_loss":2.29180460463807,"_runtime":11.5381427,"_timestamp":1.7415865993036458e+09,"training_loss":2.295763033769276,"epoch":9,"_step":9,"training_accuracy":0.19533333333333333,"_wandb":{"runtime":11},"val_accuracy":0.19433333333333333}