{"val_accuracy":0.099,"training_loss":2.3029498121925718,"val_loss":2.3031006000574843,"_wandb":{"runtime":8},"_step":9,"_runtime":8.4092775,"_timestamp":1.741501245978816e+09,"epoch":9,"training_accuracy":0.10011111111111111}