{"val_accuracy":0.5306666666666666,"training_loss":1.5094254156703788,"epoch":9,"_step":9,"_runtime":18.2562033,"_wandb":{"runtime":18},"training_accuracy":0.44755555555555554,"val_loss":1.4307678207608892,"_timestamp":1.7421300940397103e+09}