{"_timestamp":1.7421279693035493e+09,"val_accuracy":0.5465,"epoch":9,"training_accuracy":0.37424074074074076,"val_loss":1.5528511930764914,"training_loss":1.6339039452193713,"_wandb":{"runtime":16},"_runtime":16.8090103,"_step":9}