{"_step":4,"_wandb":{"runtime":7},"training_accuracy":0.10018518518518518,"_runtime":7.1597619,"epoch":4,"val_accuracy":0.09833333333333333,"training_loss":2.3034454904557697,"val_loss":2.303362205277848,"_timestamp":1.7421292991984208e+09}