{"val_accuracy":0.5365,"epoch":9,"_wandb":{"runtime":17},"_runtime":17.1278471,"_timestamp":1.741588662707184e+09,"training_loss":1.5059757754177883,"training_accuracy":0.48907407407407405,"_step":9,"val_loss":1.4314667099184541}