{"epoch":4,"val_accuracy":0.13533333333333333,"val_loss":2.3025849283904134,"training_loss":2.3025847107770367,"training_accuracy":0.1346111111111111,"_runtime":7.4380148,"_step":4,"_timestamp":1.7415238559685152e+09,"_wandb":{"runtime":7}}