{"val_accuracy":0.5798333333333333,"_wandb":{"runtime":42},"val_loss":1.393545236736008,"_timestamp":1.7415884468407476e+09,"epoch":9,"training_accuracy":0.5222592592592593,"_step":9,"_runtime":42.3535388,"training_loss":1.4261759914295875}