{"val_accuracy":0.11233333333333333,"training_loss":2.3080552646690142,"_wandb":{"runtime":5},"val_loss":2.30353989966428,"training_accuracy":0.1025,"_runtime":5.4705009,"_timestamp":1.7415855422839627e+09,"epoch":4,"_step":4}