{"_step":4,"val_accuracy":0.23883333333333334,"training_accuracy":0.12572222222222224,"val_loss":2.2748269680158018,"_runtime":13.2325643,"training_loss":2.2820739508447296,"_wandb":{"runtime":13},"epoch":4,"_timestamp":1.7415871488249063e+09}