{"epoch":4,"training_accuracy":0.10074074074074074,"val_accuracy":0.09333333333333334,"_wandb":{"runtime":7},"_timestamp":1.7415863127036998e+09,"_runtime":7.0459767,"_step":4,"val_loss":2.3025850607442124,"training_loss":2.30258498597576}