{"_runtime":12.626293,"val_accuracy":0.11883333333333333,"_wandb":{"runtime":12},"_step":9,"_timestamp":1.7415245386720061e+09,"epoch":9,"val_loss":2.3025746097839312,"training_accuracy":0.1194074074074074,"training_loss":2.3025774124958387}