{"training_accuracy":0.10018518518518518,"_step":4,"_timestamp":1.7415876570799286e+09,"_runtime":3.3434779,"training_loss":2.3028995848053815,"val_accuracy":0.09833333333333333,"_wandb":{"runtime":3},"val_loss":2.3026876003299077,"epoch":4}