{"_timestamp":1.7422060666662157e+09,"_runtime":1.2215563999999999,"_step":0,"_wandb":{"runtime":1},"test_loss":0.02135720060751104,"test_accuracy":0.8714,"confusion_matrix":{"height":480,"_type":"image-file","sha256":"bd45835aa3b95e11a4e327a5abbaed0facfdedf5cb4f145464e7c3fc9a2ce318","size":2398,"path":"media/images/confusion_matrix_0_bd45835aa3b95e11a4e3.png","format":"png","width":640}}