{"_wandb":{"runtime":6},"epoch":9,"val_loss":2.2862295411839653,"val_accuracy":0.12466666666666666,"training_loss":2.2875138929967007,"training_accuracy":0.11833333333333333,"_timestamp":1.7415855211853235e+09,"_runtime":6.1582603,"_step":9}