{"_wandb":{"runtime":31},"_step":9,"val_loss":2.3025833871974144,"val_accuracy":0.09333333333333334,"_runtime":31.172752,"training_accuracy":0.10074074074074074,"_timestamp":1.741586635316502e+09,"epoch":9,"training_loss":2.302583708234617}