{"_step":9,"val_accuracy":0.11033333333333334,"_timestamp":1.741524673447371e+09,"training_loss":2.3025852362043615,"_runtime":16.4202462,"training_accuracy":0.10711111111111112,"val_loss":2.3025852036675274,"_wandb":{"runtime":16},"epoch":9}