{"val_loss":1.881434063525597,"epoch":9,"val_accuracy":0.36083333333333334,"training_loss":1.9425460207685876,"_timestamp":1.7415876192153952e+09,"training_accuracy":0.34205555555555556,"_wandb":{"runtime":8},"_runtime":8.8337211,"_step":9}