{"val_accuracy":0.5035,"epoch":9,"training_loss":1.9449207996721418,"_step":9,"training_accuracy":0.3779814814814815,"_timestamp":1.7421282373053598e+09,"_runtime":7.1916026,"_wandb":{"runtime":7},"val_loss":1.869705149268706}