{"_wandb":{"runtime":16},"_step":9,"training_loss":1.256143452332845,"epoch":9,"training_accuracy":0.6201851851851852,"val_loss":1.2010052970212723,"val_accuracy":0.6135,"_timestamp":1.7415872004803607e+09,"_runtime":15.9439871}