{"val_accuracy":0.5963333333333334,"training_loss":1.3448254381563896,"_runtime":10.6569363,"_timestamp":1.7421288843924348e+09,"training_accuracy":0.5907592592592592,"_wandb":{"runtime":10},"_step":9,"val_loss":1.257096187836842,"epoch":9}