{"val_accuracy":0.5843333333333334,"_wandb":{"runtime":69},"_runtime":69.3074125,"training_loss":1.1680662279097267,"_timestamp":1.7415869364851515e+09,"training_accuracy":0.5918333333333333,"_step":9,"epoch":9,"val_loss":1.0902655270128505}