{"_wandb":{"runtime":10},"val_accuracy":0.10033333333333333,"val_loss":2.3046328024870992,"training_loss":2.30407893855947,"_timestamp":1.741500904636793e+09,"epoch":4,"_step":4,"training_accuracy":0.09996296296296296,"_runtime":10.2506896}