{"_step":4,"_wandb":{"runtime":18},"val_loss":1.6955054545412622,"training_accuracy":0.4148148148148148,"val_accuracy":0.4395,"training_loss":1.7763667975383208,"_runtime":18.919755,"_timestamp":1.7415857258964782e+09,"epoch":4}