{"training_loss":2.3025850006811623,"val_accuracy":0.028,"val_loss":2.302584961105723,"_step":9,"training_accuracy":0.027555555555555555,"_runtime":21.3856741,"_timestamp":1.7415229958527982e+09,"_wandb":{"runtime":21},"epoch":9}