{"val_loss":2.3025849981610063,"_timestamp":1.7413678462597556e+09,"_runtime":15.4925264,"_wandb":{"runtime":15},"_step":9,"epoch":9}