{"_runtime":20.4552367,"training_loss":2.30258473173096,"training_accuracy":0.14703703703703705,"_wandb":{"runtime":20},"epoch":9,"_step":9,"_timestamp":1.741583432573966e+09,"val_loss":2.302584865455117,"val_accuracy":0.14333333333333334}