{"_runtime":21.8890012,"epoch":9,"training_accuracy":0.0725925925925926,"val_loss":2.3679381805256177,"training_loss":2.36530940770797,"val_accuracy":0.07516666666666667,"_timestamp":1.7415833472590744e+09,"_wandb":{"runtime":21},"_step":9}