{"_step":9,"training_loss":2.3025850259921556,"val_accuracy":0.11783333333333333,"_wandb":{"runtime":49},"epoch":9,"val_loss":2.3025850219937127,"training_accuracy":0.12103703703703704,"_timestamp":1.7415231376201894e+09,"_runtime":49.7395809}