{"epoch":9,"val_loss":2.3025850062781505,"_timestamp":1.7413677840699847e+09,"_runtime":28.2061082,"_step":9,"_wandb":{"runtime":28}}