{"val_accuracy":0.6421666666666667,"_timestamp":1.742128325822881e+09,"_step":9,"_wandb":{"runtime":10},"epoch":9,"training_loss":1.1111418599736418,"training_accuracy":0.6294814814814815,"_runtime":10.6578991,"val_loss":1.0648272757700838}