{"_runtime":21.1572607,"epoch":9,"_wandb":{"runtime":21},"training_loss":1.8351374456985345,"_step":9,"training_accuracy":0.5562037037037038,"_timestamp":1.7415869628152013e+09,"val_loss":1.7621978550182384,"val_accuracy":0.581}