{"_step":4,"_wandb":{"runtime":19},"_runtime":19.0132535,"val_loss":1.652202164947715,"epoch":4,"training_accuracy":0.5897037037037037,"val_accuracy":0.6103333333333333,"_timestamp":1.7415857702168355e+09,"training_loss":1.7597414710171402}