{"val_accuracy":0.2365,"_step":9,"training_accuracy":0.2373148148148148,"_wandb":{"runtime":7},"epoch":9,"training_loss":2.3025842387859794,"_runtime":7.2489867,"val_loss":2.3025841809695247,"_timestamp":1.7415853077532468e+09}