{"_timestamp":1.7415871314192855e+09,"val_accuracy":0.37383333333333335,"training_accuracy":0.16670370370370372,"_step":4,"epoch":4,"_wandb":{"runtime":12},"training_loss":2.1129231155850916,"val_loss":2.050332861819247,"_runtime":12.107092}