{"training_accuracy":0.09977777777777778,"val_accuracy":0.102,"_step":9,"_wandb":{"runtime":19},"training_loss":2.3038605992852044,"_timestamp":1.7415221578229775e+09,"val_loss":2.3042376546456107,"_runtime":19.3246804,"epoch":9}