{"val_accuracy":0.09333333333333334,"_step":9,"_timestamp":1.7415015907146392e+09,"_wandb":{"runtime":8},"val_loss":2.3025849965371163,"_runtime":8.6568023,"training_accuracy":0.10074074074074074,"epoch":9,"training_loss":2.3025849809601477}