{"_runtime":15.7520903,"_timestamp":1.7421300589265249e+09,"epoch":9,"val_accuracy":0.6466666666666666,"_wandb":{"runtime":15},"training_loss":1.4933538436045637,"_step":9,"training_accuracy":0.5130925925925925,"val_loss":1.3914637385405746}