{"_step":0,"test_loss":0.353330720974795,"_wandb":{"runtime":1},"test_accuracy":0.8714,"confusion_matrix":{"size":43346,"path":"media/images/confusion_matrix_0_2bf9192c79c492df0557.png","format":"png","width":800,"height":600,"_type":"image-file","sha256":"2bf9192c79c492df0557e4ed169d8a632d3ebb1c87297e5d95f2f8833c8ae87a"},"_timestamp":1.742217348834545e+09,"_runtime":0.9041599}