{"_wandb":{"runtime":52},"training_accuracy":0.09161111111111112,"_step":9,"val_loss":2.3025850878354546,"epoch":9,"training_loss":2.302585046067455,"_runtime":52.278678,"_timestamp":1.7415234234341137e+09,"val_accuracy":0.09316666666666666}