{"_step":9,"_wandb":{"runtime":5},"val_accuracy":0.09333333333333334,"training_accuracy":0.10074074074074074,"epoch":9,"val_loss":2.30258500410067,"training_loss":2.302584989085,"_timestamp":1.7415015458348827e+09,"_runtime":5.7914857}