{"_timestamp":1.7421289516926734e+09,"epoch":9,"val_loss":0.9346661810414131,"_wandb":{"runtime":34},"training_accuracy":0.6843888888888889,"_step":9,"val_accuracy":0.6841666666666667,"_runtime":34.4041296,"training_loss":0.9986742093538546}