{"_wandb":{"runtime":14},"val_accuracy":0.5283333333333333,"training_accuracy":0.5825555555555556,"val_loss":1.33538072467974,"_timestamp":1.7421284597730043e+09,"_runtime":14.5054625,"_step":9,"epoch":9,"training_loss":1.466164946304617}