{"val_accuracy":0.478,"_wandb":{"runtime":17},"training_accuracy":0.5302037037037037,"_step":4,"epoch":4,"_timestamp":1.7421285703187153e+09,"training_loss":1.5503918527969804,"_runtime":17.4908958,"val_loss":1.4482152984471068}