{"_wandb":{"runtime":23},"val_loss":2.3033735427194766,"training_loss":2.3039611320651976,"training_accuracy":0.09968518518518518,"_runtime":23.121293,"val_accuracy":0.10283333333333333,"_timestamp":1.74152427496766e+09,"_step":9,"epoch":9}