{"_runtime":19.4921823,"_timestamp":1.7415833886737442e+09,"epoch":9,"training_loss":2.3025848338781065,"_wandb":{"runtime":19},"val_accuracy":0.09333333333333334,"training_accuracy":0.10074074074074074,"val_loss":2.302584987750176,"_step":9}