{"val_accuracy":0.09833333333333333,"_wandb":{"runtime":5},"_timestamp":1.7421300370520668e+09,"training_accuracy":0.10074074074074074,"epoch":4,"_runtime":5.3341507,"val_loss":2.302702778460579,"_step":4,"training_loss":2.3025834638836247}