{"_timestamp":1.741368007365587e+09,"_wandb":{"runtime":21},"_runtime":21.6412613,"_step":9,"epoch":9,"val_loss":2.3025825630129817}