{"_wandb":{"runtime":9},"_timestamp":1.7415244650008092e+09,"epoch":4,"val_loss":2.3039931968389658,"training_loss":2.303778106326728,"val_accuracy":0.09733333333333333,"_runtime":9.1402372,"training_accuracy":0.1002962962962963,"_step":4}