{"_timestamp":1.7415861519425414e+09,"training_accuracy":0.20405555555555555,"training_loss":2.297919051449484,"val_loss":2.293224368106697,"_runtime":12.541379,"epoch":4,"_wandb":{"runtime":12},"val_accuracy":0.25166666666666665,"_step":4}