{"val_loss":1.8034742212367412,"val_accuracy":0.4613333333333333,"_step":9,"_timestamp":1.7415875241074204e+09,"_runtime":7.2171776,"training_loss":1.8910319818330157,"training_accuracy":0.4398888888888889,"_wandb":{"runtime":7},"epoch":9}