{"val_loss":2.302585073589003,"_timestamp":1.7413680969831522e+09,"_runtime":10.240962,"_step":9,"_wandb":{"runtime":10},"epoch":9}