{"val_accuracy":0.606,"epoch":9,"_wandb":{"runtime":30},"_timestamp":1.7421281577710996e+09,"_runtime":30.0555937,"training_accuracy":0.551074074074074,"training_loss":1.4828713444736759,"val_loss":1.3999195855103053,"_step":9}