{"val_accuracy":0.0695,"_step":9,"_timestamp":1.7415244162377155e+09,"_wandb":{"runtime":19},"val_loss":2.3025848466607797,"_runtime":19.782135,"training_loss":2.302584810740758,"training_accuracy":0.07153703703703704,"epoch":9}