{"_step":9,"epoch":9,"training_accuracy":0.1387037037037037,"val_loss":2.3025858008167557,"_wandb":{"runtime":16},"val_accuracy":0.12966666666666668,"training_loss":2.30258535307536,"_runtime":16.180325,"_timestamp":1.7415229689674659e+09}