{"epoch":9,"val_loss":2.3025846134544157,"_wandb":{"runtime":23},"_timestamp":1.741367972141538e+09,"_runtime":23.6899502,"_step":9}