{"training_loss":1.1100380043994125,"epoch":9,"_wandb":{"runtime":47},"training_accuracy":0.6611296296296296,"_step":9,"_runtime":47.8474415,"val_loss":1.0518421508582274,"val_accuracy":0.6378333333333334,"_timestamp":1.7421299563383305e+09}