{"_runtime":15.738473,"_wandb":{"runtime":15},"val_accuracy":0.6245,"training_loss":1.4049331228379573,"epoch":9,"_timestamp":1.7421283800341709e+09,"val_loss":1.3512463797875691,"training_accuracy":0.5838518518518518,"_step":9}