{"val_loss":2.24033007048761,"_timestamp":1.741585202338949e+09,"_step":4,"training_loss":2.2596958364055975,"_wandb":{"runtime":3},"training_accuracy":0.11757407407407408,"val_accuracy":0.1295,"_runtime":3.5317626,"epoch":4}