{"_timestamp":1.7418870431771462e+09,"_runtime":324.4016152,"_step":49,"_wandb":{"runtime":324},"epoch":49,"loss":0.3044800359370717}