{"val_loss":2.3025858581730407,"_step":9,"training_accuracy":0.1014074074074074,"val_accuracy":0.1005,"training_loss":2.3025858129596415,"_timestamp":1.7415232039413886e+09,"_runtime":20.4115005,"_wandb":{"runtime":20},"epoch":9}