{"_wandb":{"runtime":17},"val_loss":1.470840687885227,"epoch":9,"val_accuracy":0.5686666666666667,"training_accuracy":0.48985185185185187,"_runtime":17.7333733,"training_loss":1.5627529778208333,"_timestamp":1.7421294387041187e+09,"_step":9}