{"epoch":4,"training_loss":2.3027713787107387,"val_loss":2.302659652412566,"_wandb":{"runtime":6},"val_accuracy":0.10283333333333333,"_runtime":6.1361443,"_step":4,"training_accuracy":0.09968518518518518,"_timestamp":1.7415866754740736e+09}