{"epoch":9,"val_accuracy":0.5233333333333333,"training_loss":1.6453188079162426,"training_accuracy":0.5051111111111111,"val_loss":1.545739562336108,"_wandb":{"runtime":10},"_timestamp":1.7421299887015142e+09,"_step":9,"_runtime":10.8458104}