{"training_accuracy":0.10011111111111111,"val_loss":2.302948204759475,"val_accuracy":0.099,"epoch":9,"_timestamp":1.74152303487354e+09,"_runtime":22.3935994,"_step":9,"_wandb":{"runtime":22},"training_loss":2.3032266509280386}