{"epoch":9,"val_loss":2.3025849601331094,"_step":9,"training_loss":2.302584942744453,"val_accuracy":0.099,"_runtime":16.2761943,"training_accuracy":0.11001851851851852,"_wandb":{"runtime":16},"_timestamp":1.7415228020131292e+09}