{"_wandb":{"runtime":16},"val_accuracy":0.13333333333333333,"val_loss":2.302584966722371,"_timestamp":1.741523913906848e+09,"epoch":9,"_runtime":16.2504897,"_step":9,"training_accuracy":0.1458888888888889,"training_loss":2.3025849487966807}