{"_step":4,"val_loss":2.3026818352331917,"_wandb":{"runtime":5},"training_accuracy":0.09977777777777778,"val_accuracy":0.102,"_timestamp":1.7415861710891242e+09,"training_loss":2.3032025888621837,"_runtime":5.6910849,"epoch":4}