{"val_accuracy":0.09966666666666667,"val_loss":2.302585040323199,"_runtime":10.3629426,"_step":4,"_wandb":{"runtime":10},"training_loss":2.3025850388464546,"epoch":4,"training_accuracy":0.09737037037037037,"_timestamp":1.7415225260231225e+09}