{"val_loss":2.3025843321328354,"_runtime":10.1232107,"val_accuracy":0.09933333333333333,"_step":4,"training_loss":2.3025840896320657,"epoch":4,"training_accuracy":0.10027777777777777,"_wandb":{"runtime":10},"_timestamp":1.7415837834038303e+09}