{"_wandb":{"runtime":16},"_runtime":16.2338943,"training_accuracy":0.08,"val_accuracy":0.0825,"_step":9,"val_loss":2.3025849803152583,"epoch":9,"_timestamp":1.7415222943966599e+09,"training_loss":2.3025849631035245}