{"training_accuracy":0.14372222222222222,"_wandb":{"runtime":14},"_runtime":14.614536,"val_loss":2.3025849577949367,"_step":9,"epoch":9,"val_accuracy":0.14433333333333334,"_timestamp":1.7415223679714596e+09,"training_loss":2.3025849464066916}