{"_wandb":{"runtime":19},"_runtime":19.7155666,"val_accuracy":0.627,"_timestamp":1.7415872968316905e+09,"training_loss":1.3136682238992146,"val_loss":1.1682256816919687,"epoch":9,"_step":9,"training_accuracy":0.5850925925925926}