{"val_loss":2.3026056806857276,"training_loss":2.3032161775594298,"training_accuracy":0.09968518518518518,"_step":9,"val_accuracy":0.10283333333333333,"_wandb":{"runtime":22},"epoch":9,"_timestamp":1.7415237001003757e+09,"_runtime":22.6030629}