{"training_loss":2.3025845652965655,"val_loss":2.302584591479128,"_runtime":47.3058164,"_step":9,"training_accuracy":0.19896296296296295,"_wandb":{"runtime":47},"val_accuracy":0.20033333333333334,"_timestamp":1.7415240582691453e+09,"epoch":9}