{"val_loss":2.302585942921805,"val_accuracy":0.10916666666666666,"epoch":9,"_step":9,"_wandb":{"runtime":12},"training_loss":2.3025858970951676,"training_accuracy":0.10703703703703704,"_timestamp":1.7415223394572072e+09,"_runtime":12.5554482}