{"_timestamp":1.7413587011542869e+09,"_runtime":235.5707038,"_wandb":{"runtime":235},"_step":49,"epoch":49,"loss":0.7988224579032743}