{"training_loss":1.6000351243553521,"val_loss":1.557130049592284,"training_accuracy":0.5200925925925926,"_step":9,"_wandb":{"runtime":17},"epoch":9,"val_accuracy":0.44916666666666666,"_timestamp":1.741587572415268e+09,"_runtime":17.1399144}