{"training_accuracy":0.18833333333333332,"epoch":9,"_wandb":{"runtime":17},"_runtime":17.1410096,"training_loss":2.265523316783636,"val_loss":2.259511504271915,"_timestamp":1.741585693277942e+09,"val_accuracy":0.19383333333333333,"_step":9}