{"training_loss":2.3037947352177373,"val_accuracy":0.099,"val_loss":2.3040020606075666,"_timestamp":1.741523082458109e+09,"_step":9,"epoch":9,"_wandb":{"runtime":21},"_runtime":21.5799034,"training_accuracy":0.10011111111111111}