{"val_loss":2.014978655015272,"val_accuracy":0.2951666666666667,"_step":9,"epoch":9,"training_accuracy":0.23851851851851852,"training_loss":2.029741081797207,"_wandb":{"runtime":6},"_timestamp":1.7415864667847939e+09,"_runtime":6.7001491}