{"val_loss":2.3025851298574347,"val_accuracy":0.06816666666666667,"_runtime":26.974242,"epoch":4,"training_loss":2.302585123188209,"training_accuracy":0.06351851851851852,"_timestamp":1.7415234567622063e+09,"_wandb":{"runtime":27},"_step":4}