{"training_accuracy":0.5668333333333333,"_wandb":{"runtime":8},"epoch":9,"val_loss":1.362030885194732,"_step":9,"_timestamp":1.7421282594554842e+09,"training_loss":1.4104864136768323,"val_accuracy":0.5726666666666667,"_runtime":8.9340623}