{"_timestamp":1.7415863003698382e+09,"training_accuracy":0.3970925925925926,"val_loss":1.8076377140590625,"_wandb":{"runtime":21},"val_accuracy":0.4083333333333333,"_runtime":21.4843617,"training_loss":1.8751445249589518,"_step":9,"epoch":9}