{"_wandb":{"runtime":16},"val_accuracy":0.19716666666666666,"epoch":4,"val_loss":2.265751612823113,"_timestamp":1.7415856546420252e+09,"_runtime":16.1120202,"_step":4,"training_accuracy":0.18337037037037038,"training_loss":2.2747044378704775}