{"val_accuracy":0.09333333333333334,"_step":9,"_timestamp":1.7415014631605783e+09,"epoch":9,"val_loss":2.302585004565317,"training_accuracy":0.10074074074074074,"training_loss":2.3025849896290174,"_runtime":5.9854472,"_wandb":{"runtime":5}}