{"epoch":9,"val_loss":2.3025850045982854,"val_accuracy":0.09333333333333334,"_step":9,"training_loss":2.302584989440918,"_wandb":{"runtime":5},"_timestamp":1.7415015233753502e+09,"_runtime":5.6248542,"training_accuracy":0.10074074074074074}