{"_timestamp":1.741359263324548e+09,"_runtime":348.5121711,"_step":49,"_wandb":{"runtime":348},"epoch":49,"loss":0.29976180095879135}