{"_timestamp":1.741585507467098e+09,"epoch":4,"_runtime":8.4931604,"_wandb":{"runtime":8},"val_accuracy":0.217,"training_loss":2.2091693541270403,"val_loss":2.1808952726807846,"_step":4,"training_accuracy":0.2472037037037037}