{"_timestamp":1.7413676707562876e+09,"_runtime":16.7179844,"_step":9,"_wandb":{"runtime":16},"epoch":9,"val_loss":2.3025899340451397}