{"_timestamp":1.7421286292175603e+09,"val_accuracy":0.6306666666666667,"_wandb":{"runtime":17},"_runtime":17.874161,"epoch":4,"val_loss":1.270032674671596,"training_accuracy":0.5886111111111111,"_step":4,"training_loss":1.407484466315905}