{"_step":49,"_wandb":{"runtime":436},"epoch":49,"loss":0.1549106722793315,"_timestamp":1.741359703046788e+09,"_runtime":436.2401761}