{"val_accuracy":0.102,"training_accuracy":0.09977777777777778,"_timestamp":1.7415876685844605e+09,"_runtime":3.5180889,"epoch":4,"_wandb":{"runtime":3},"val_loss":2.3025419820614657,"_step":4,"training_loss":2.3027325762736686}