{"val_loss":1.3891521907084565,"val_accuracy":0.5638333333333333,"_timestamp":1.741585814517999e+09,"epoch":9,"_step":9,"training_accuracy":0.6204074074074074,"training_loss":1.4608210864458488,"_wandb":{"runtime":36},"_runtime":36.6664999}