{"training_loss":2.303223063030239,"val_accuracy":0.099,"epoch":9,"_step":9,"training_accuracy":0.10011111111111111,"_timestamp":1.742127661949813e+09,"val_loss":2.303144890317362,"_runtime":17.2272716,"_wandb":{"runtime":17}}