{"training_loss":2.3038862859408904,"training_accuracy":0.09985185185185186,"_runtime":14.3980686,"val_loss":2.303167247124222,"epoch":9,"val_accuracy":0.10133333333333333,"_wandb":{"runtime":14},"_timestamp":1.741524437934003e+09,"_step":9}