{"training_accuracy":0.5499259259259259,"_wandb":{"runtime":11},"training_loss":1.386121609662857,"val_loss":1.327060425056505,"epoch":9,"_timestamp":1.7421301194150875e+09,"_step":9,"_runtime":11.9640885,"val_accuracy":0.6253333333333333}