{"training_accuracy":0.10074074074074074,"_step":9,"training_loss":2.3025849525737465,"val_accuracy":0.09333333333333334,"_timestamp":1.7415015102953217e+09,"val_loss":2.3025851036277025,"_runtime":9.5646372,"_wandb":{"runtime":9},"epoch":9}