{"epoch":9,"val_loss":2.302585128818916,"_step":9,"_runtime":5.5546904,"training_accuracy":0.10074074074074074,"_timestamp":1.74158251328919e+09,"training_loss":2.3025849779401617,"val_accuracy":0.09333333333333334,"_wandb":{"runtime":5}}