{"_step":9,"val_accuracy":0.5075,"epoch":9,"training_loss":1.5731073228766241,"training_accuracy":0.581925925925926,"_wandb":{"runtime":8},"_runtime":8.7461458,"val_loss":1.5074682026022626,"_timestamp":1.7421299704413335e+09}