{"val_accuracy":0.4593333333333333,"training_loss":1.927907398501,"_wandb":{"runtime":10},"_runtime":10.0312132,"_timestamp":1.74212809036329e+09,"training_accuracy":0.4381851851851852,"_step":9,"val_loss":1.8514047574525845,"epoch":9}