{"_timestamp":1.7413567644208145e+09,"_runtime":1529.2121402,"_step":31,"Test Accuracy":0.1,"_wandb":{"runtime":1529},"epoch":17,"loss":2.302582993323807}