{"val_loss":2.265761089640754,"_wandb":{"runtime":77},"_runtime":76.9752963,"epoch":9,"training_loss":2.2654885028215594,"val_accuracy":0.155,"_step":9,"training_accuracy":0.15746296296296297,"_timestamp":1.741586858840989e+09}