{"val_loss":1.516901717439694,"_runtime":15.1998154,"_timestamp":1.7421282238485956e+09,"val_accuracy":0.517,"training_loss":1.5653609904991808,"training_accuracy":0.49077777777777776,"_wandb":{"runtime":15},"_step":9,"epoch":9}