{"epoch":9,"training_loss":2.3025850557574206,"val_loss":2.3025852135490945,"_timestamp":1.7415835443261998e+09,"_runtime":30.2538391,"_wandb":{"runtime":30},"_step":9,"training_accuracy":0.10074074074074074,"val_accuracy":0.09333333333333334}