{"val_loss":1.408500630345996,"val_accuracy":0.5406666666666666,"_wandb":{"runtime":21},"training_loss":1.4938057496255535,"_timestamp":1.7415872711628406e+09,"epoch":9,"_runtime":21.0509936,"training_accuracy":0.5027777777777778,"_step":9}