{"_wandb":{"runtime":942},"_runtime":942.6195904,"_step":49,"epoch":49,"loss":0.23149346311862345,"_timestamp":1.7418888020994487e+09}