{"val_loss":2.3048386907939062,"_step":9,"training_accuracy":0.09968518518518518,"val_accuracy":0.10283333333333333,"epoch":9,"_wandb":{"runtime":19},"_runtime":19.8916291,"training_loss":2.3039484272925788,"_timestamp":1.741524244441198e+09}