{"val_accuracy":0.1755,"_runtime":19.7948726,"_step":9,"epoch":9,"_wandb":{"runtime":19},"val_loss":2.30258161743856,"training_loss":2.3025819761516604,"training_accuracy":0.1697962962962963,"_timestamp":1.7415228270843892e+09}