{"epoch":9,"_wandb":{"runtime":19},"training_accuracy":0.0965,"val_loss":2.302584926820667,"val_accuracy":0.09416666666666666,"_timestamp":1.741524518149968e+09,"training_loss":2.3025849153454487,"_runtime":19.0744989,"_step":9}