{"_runtime":17.2597788,"_wandb":{"runtime":17},"epoch":9,"training_loss":2.302584306577478,"val_accuracy":0.1155,"training_accuracy":0.11094444444444444,"val_loss":2.302584269760495,"_timestamp":1.7415225021891425e+09,"_step":9}