{"_wandb":{"runtime":22},"val_loss":2.3025852973971523,"_step":9,"training_loss":2.3025851178300014,"_timestamp":1.7415836847283316e+09,"training_accuracy":0.10203703703703704,"_runtime":22.5653171,"epoch":9,"val_accuracy":0.09416666666666666}