{"_wandb":{"runtime":8},"val_accuracy":0.09333333333333334,"training_accuracy":0.09920370370370371,"_runtime":8.2626106,"training_loss":2.3026795392933233,"val_loss":2.3030414789165836,"_timestamp":1.7421274767802355e+09,"_step":4,"epoch":4}