{"_wandb":{"runtime":7038},"_step":49,"epoch":49,"loss":1.2803465709312722,"_timestamp":1.74136035443105e+09,"_runtime":223.2125774}