{"_step":9,"training_loss":2.302584950684936,"_runtime":16.6682346,"val_loss":2.3025849601883412,"val_accuracy":0.0955,"epoch":9,"_wandb":{"runtime":16},"_timestamp":1.7415227798060887e+09,"training_accuracy":0.09072222222222222}