{"_runtime":62.3761682,"_wandb":{"runtime":62},"_step":9,"_timestamp":1.7421277498767207e+09,"training_loss":2.1806463405677743,"val_accuracy":0.1955,"val_loss":2.065677138562427,"training_accuracy":0.2002962962962963,"epoch":9}