{"_wandb":{"runtime":57},"_step":9,"val_accuracy":0.6223333333333333,"_timestamp":1.7421280317131011e+09,"_runtime":57.6217051,"epoch":9,"training_loss":1.1994371599229838,"training_accuracy":0.5997407407407407,"val_loss":1.1301641376707954}