{"_step":9,"epoch":9,"_wandb":{"runtime":6},"val_loss":2.3625010852795794,"val_accuracy":0.10033333333333333,"_timestamp":1.7415013525607996e+09,"_runtime":6.6082635,"training_loss":2.3668981780635243,"training_accuracy":0.09996296296296296}