{"val_loss":2.3055251881833696,"training_accuracy":0.09996296296296296,"training_loss":2.3044513109669307,"_runtime":18.644174800000002,"_wandb":{"runtime":18},"val_accuracy":0.10033333333333333,"epoch":9,"_timestamp":1.7415239651394382e+09,"_step":9}