{"_step":9,"val_loss":1.0541951993211227,"val_accuracy":0.654,"training_accuracy":0.6510185185185186,"_timestamp":1.7421285974721155e+09,"_runtime":13.6767349,"training_loss":1.158021249307817,"epoch":9,"_wandb":{"runtime":13}}