{"_runtime":20.8489552,"epoch":4,"val_loss":1.6475838221966408,"training_accuracy":0.5645925925925926,"_step":4,"training_loss":1.7289123123493366,"_timestamp":1.7415855686270382e+09,"_wandb":{"runtime":20},"val_accuracy":0.5505}