{"training_accuracy":0.5505185185185185,"training_loss":1.4865682901838435,"val_accuracy":0.598,"_wandb":{"runtime":9},"val_loss":1.4424547956438742,"epoch":9,"_timestamp":1.7421283409648824e+09,"_runtime":9.0551464,"_step":9}