{"_step":4,"training_accuracy":0.10679629629629629,"val_loss":2.3025847733461604,"val_accuracy":0.09516666666666666,"_wandb":{"runtime":19},"epoch":4,"training_loss":2.3025846565182446,"_timestamp":1.7415835714642751e+09,"_runtime":19.4618106}