{"training_loss":1.447844092682849,"val_loss":1.3486894142197838,"_runtime":18.1891852,"epoch":4,"training_accuracy":0.5776111111111111,"_step":4,"_wandb":{"runtime":18},"val_accuracy":0.5731666666666667,"_timestamp":1.7421285443039076e+09}