{"val_loss":1.904272995423051,"_wandb":{"runtime":4},"training_accuracy":0.36592592592592593,"epoch":4,"_timestamp":1.7415852944915266e+09,"_runtime":4.7979748,"val_accuracy":0.43733333333333335,"training_loss":1.9702879427215132,"_step":4}