{"val_loss":2.3025855912686795,"_timestamp":1.7413679050863357e+09,"_runtime":10.9277362,"_step":9,"_wandb":{"runtime":10},"epoch":9}