{"training_accuracy":0.6121851851851852,"_step":9,"_wandb":{"runtime":7},"val_loss":1.4437375334944973,"training_loss":1.5223588049443546,"epoch":9,"val_accuracy":0.5528333333333333,"_timestamp":1.742129493381833e+09,"_runtime":7.9725715}