{"training_loss":2.302584966925862,"val_accuracy":0.09333333333333334,"_wandb":{"runtime":17},"training_accuracy":0.10074074074074074,"val_loss":2.302585117646585,"_step":9,"epoch":9,"_timestamp":1.7415837389960918e+09,"_runtime":17.5578022}