{"_runtime":8.6276984,"_wandb":{"runtime":8},"training_accuracy":0.24103703703703705,"val_accuracy":0.277,"_step":4,"_timestamp":1.7415856687171583e+09,"epoch":4,"val_loss":2.1081178360308197,"training_loss":2.1603098742815443}