{"val_loss":2.3025848054492886,"_wandb":{"runtime":20},"val_accuracy":0.1485,"_runtime":20.0497851,"training_accuracy":0.1427037037037037,"_timestamp":1.7415239396270132e+09,"epoch":9,"training_loss":2.3025847926613126,"_step":9}