{"_timestamp":1.7413680520496883e+09,"_runtime":30.3833493,"_step":9,"_wandb":{"runtime":30},"epoch":9,"val_loss":2.3025850139588044}