{"val_loss":2.303214375506915,"_runtime":17.4027695,"_timestamp":1.7415222096606307e+09,"_wandb":{"runtime":17},"epoch":9,"_step":9,"training_loss":2.3034815230745935,"val_accuracy":0.09833333333333333,"training_accuracy":0.10018518518518518}