{"_timestamp":1.7413601279329133e+09,"_runtime":420.9689215,"_step":49,"epoch":49,"loss":0.23041393173062819,"_wandb":{"runtime":421}}