{"epoch":9,"val_loss":1.3462743175369158,"_step":9,"_runtime":15.2548264,"training_accuracy":0.5734814814814815,"_wandb":{"runtime":15},"val_accuracy":0.5406666666666666,"_timestamp":1.7421296719157045e+09,"training_loss":1.4171786033720164}