{"_step":9,"training_accuracy":0.10074074074074074,"_timestamp":1.741545480765562e+09,"training_loss":2.302584716064021,"val_accuracy":0.09333333333333334,"val_loss":2.302584864286389,"_wandb":{"runtime":19},"epoch":9,"_runtime":19.6590978}