{"val_accuracy":0.09833333333333333,"_wandb":{"runtime":39},"training_accuracy":0.09985185185185186,"training_loss":2.3005922044342735,"val_loss":2.3000266776491483,"_timestamp":1.742127875355899e+09,"_runtime":39.3096076,"_step":9,"epoch":9}