{"val_accuracy":0.09833333333333333,"epoch":9,"val_loss":2.4613966948908255,"_step":9,"_runtime":7.3650432,"training_accuracy":0.10018518518518518,"_timestamp":1.7415833119802566e+09,"training_loss":2.47534167196744,"_wandb":{"runtime":7}}