{"_wandb":{"runtime":21},"val_accuracy":0.09733333333333333,"training_accuracy":0.1002962962962963,"val_loss":2.302584499439763,"_step":9,"training_loss":2.3025844943789266,"_runtime":21.2025697,"_timestamp":1.7415246492644112e+09,"epoch":9}