{"epoch":9,"val_accuracy":0.09333333333333334,"_wandb":{"runtime":6},"_step":9,"training_loss":2.3025849906598688,"training_accuracy":0.10074074074074074,"_runtime":6.0000159,"_timestamp":1.7415014853109798e+09,"val_loss":2.3025850057814576}