{"val_loss":2.302584941429267,"_wandb":{"runtime":16},"val_accuracy":0.11416666666666667,"epoch":9,"_timestamp":1.7415226728972816e+09,"_runtime":15.9771502,"_step":9,"training_loss":2.3025849306949495,"training_accuracy":0.12303703703703704}