{"epoch":9,"val_accuracy":0.6693333333333333,"_wandb":{"runtime":11},"training_accuracy":0.6618518518518518,"val_loss":1.156885339379577,"_timestamp":1.7421290136555989e+09,"_runtime":10.9780817,"_step":9,"training_loss":1.2826084046505806}