{"training_accuracy":0.09094444444444444,"training_loss":2.3025850050721304,"val_loss":2.302585014323642,"epoch":9,"val_accuracy":0.08616666666666667,"_wandb":{"runtime":20},"_step":9,"_timestamp":1.7415241908675601e+09,"_runtime":20.0184466}