{"val_accuracy":0.09866666666666667,"_wandb":{"runtime":11},"_step":9,"epoch":9,"training_accuracy":0.10809259259259259,"_timestamp":1.7415015675334759e+09,"_runtime":11.8260045,"val_loss":2.3025849807632537,"training_loss":2.3025849690383486}