{"_wandb":{"runtime":5},"val_loss":2.3025850050334244,"_timestamp":1.7415013920017264e+09,"training_loss":2.302584989978656,"_runtime":5.9396394,"val_accuracy":0.09333333333333334,"_step":9,"epoch":9,"training_accuracy":0.10074074074074074}