{"training_loss":2.24387248937412,"val_accuracy":0.557,"_step":9,"_wandb":{"runtime":21},"_runtime":21.1602626,"epoch":9,"training_accuracy":0.5485925925925926,"val_loss":2.2297570615974003,"_timestamp":1.7421291363216503e+09}