{"training_loss":2.3034339897869294,"_runtime":17.734275,"val_loss":2.304604617554072,"epoch":9,"training_accuracy":0.10011111111111111,"val_accuracy":0.099,"_step":9,"_wandb":{"runtime":17},"_timestamp":1.7415246145160506e+09}