{"_wandb":{"runtime":39},"_runtime":39.7529198,"training_loss":1.120803056806215,"_step":9,"val_accuracy":0.6411666666666667,"training_accuracy":0.6301296296296296,"val_loss":1.0826280080639676,"epoch":9,"_timestamp":1.7421296061012764e+09}