{"val_loss":2.3027603000317343,"_wandb":{"runtime":7},"_runtime":7.3461792,"training_accuracy":0.1002962962962963,"val_accuracy":0.09333333333333334,"_timestamp":1.7415861845911627e+09,"training_loss":2.302592285673685,"_step":4,"epoch":4}