{"val_accuracy":0.10283333333333333,"training_accuracy":0.09968518518518518,"epoch":4,"_runtime":18.0359958,"_wandb":{"runtime":18},"val_loss":2.319050814186818,"training_loss":2.3186952849434648,"_step":4,"_timestamp":1.7415854907046132e+09}