{"training_accuracy":0.6412222222222222,"_wandb":{"runtime":41},"val_loss":1.1376838337019646,"val_accuracy":0.641,"training_loss":1.2843969509864381,"_timestamp":1.7415861008298585e+09,"_step":9,"_runtime":41.2506647,"epoch":9}