{"val_accuracy":0.05216666666666667,"epoch":4,"_wandb":{"runtime":4},"_timestamp":1.742129479065627e+09,"training_loss":2.302587509545333,"_step":4,"_runtime":4.6269611,"training_accuracy":0.05237037037037037,"val_loss":2.3025878348431483}