{"val_accuracy":0.11216666666666666,"_runtime":3.2153963,"_step":4,"val_loss":2.319353111440955,"_timestamp":1.7415008865288422e+09,"training_accuracy":0.10353703703703704,"epoch":4,"training_loss":2.3248650149329078,"_wandb":{"runtime":3}}