{"_runtime":10.5130623,"_wandb":{"runtime":10},"training_accuracy":0.45651851851851855,"val_loss":1.9026285819056399,"_step":4,"epoch":4,"_timestamp":1.7415857454121585e+09,"training_loss":1.95322340674757,"val_accuracy":0.48833333333333334}