{"_runtime":6.2655541,"_step":4,"_wandb":{"runtime":6},"val_loss":2.288252201284871,"training_accuracy":0.2061851851851852,"_timestamp":1.741582585615506e+09,"val_accuracy":0.21983333333333333,"training_loss":2.291482377834765,"epoch":4}