{"epoch":49,"loss":0.3073181146622072,"_wandb":{"runtime":207},"_timestamp":1.7413589113721676e+09,"_runtime":207.0062459,"_step":49}