{"val_accuracy":0.09833333333333333,"_runtime":5.8763409,"epoch":4,"_wandb":{"runtime":5},"training_accuracy":0.10018518518518518,"val_loss":2.3027588331887334,"training_loss":2.302608067891193,"_step":4,"_timestamp":1.7415866642406259e+09}