{"val_loss":2.3025696837520586,"_step":4,"training_accuracy":0.14414814814814814,"_wandb":{"runtime":25},"val_accuracy":0.15083333333333335,"training_loss":2.304519010348413,"_timestamp":1.7415861326208057e+09,"epoch":4,"_runtime":25.2352179}