{"_timestamp":1.741583362048793e+09,"val_loss":2.3030991216304764,"_step":9,"training_accuracy":0.10011111111111111,"training_loss":2.3029882595471403,"val_accuracy":0.099,"_wandb":{"runtime":9},"epoch":9,"_runtime":9.0164534}