{"training_accuracy":0.5858148148148148,"_timestamp":1.7421295581636837e+09,"_runtime":13.3299684,"val_loss":1.2743807479504183,"training_loss":1.3436743911406626,"epoch":9,"val_accuracy":0.5571666666666667,"_wandb":{"runtime":13},"_step":9}