{"training_accuracy":0.09920370370370371,"_timestamp":1.7415232425823326e+09,"val_loss":2.303622994597885,"training_loss":2.3037327421392724,"_step":9,"val_accuracy":0.10716666666666666,"_wandb":{"runtime":32},"_runtime":32.0470833,"epoch":9}