{"_step":9,"training_accuracy":0.10074074074074074,"_timestamp":1.7421284139902484e+09,"training_loss":2.3105446761355477,"epoch":9,"val_loss":2.308792968066753,"val_accuracy":0.09333333333333334,"_wandb":{"runtime":11},"_runtime":11.8416261}