{"_wandb":{"runtime":273},"_step":49,"epoch":49,"loss":0.78482426030811,"_timestamp":1.7418867159037368e+09,"_runtime":272.8676856}