{"epoch":4,"_step":4,"val_accuracy":0.0475,"_timestamp":1.7415860213359964e+09,"_wandb":{"runtime":4},"_runtime":4.7388655,"training_loss":2.3025836236984087,"training_accuracy":0.04853703703703704,"val_loss":2.302583575151412}