{"epoch":9,"val_loss":1.12707447421926,"_timestamp":1.7415887044668612e+09,"training_loss":1.2601461753836227,"_runtime":14.6648656,"_step":9,"_wandb":{"runtime":14},"training_accuracy":0.6505740740740741,"val_accuracy":0.6691666666666667}