{"val_loss":2.328629573450146,"_wandb":{"runtime":3},"_timestamp":1.741367748150108e+09,"_runtime":3.6073807,"_step":4,"epoch":4}