{"_wandb":{"runtime":27},"_step":9,"epoch":9,"val_loss":2.3025862555681815,"_timestamp":1.7413682559833612e+09,"_runtime":27.0454137}