{"_wandb":{"runtime":9},"training_accuracy":0.04814814814814815,"val_accuracy":0.049166666666666664,"_runtime":9.9352271,"epoch":9,"_step":9,"val_loss":2.302589051252027,"training_loss":2.3025890351273377,"_timestamp":1.7415009473492806e+09}