{"training_loss":2.3025807090287342,"val_accuracy":0.11066666666666666,"training_accuracy":0.1469814814814815,"val_loss":2.302577326786768,"epoch":9,"_timestamp":1.7415860099826596e+09,"_runtime":30.6511063,"_step":9,"_wandb":{"runtime":30}}