{"_wandb":{"runtime":29},"val_accuracy":0.09466666666666666,"val_loss":2.302584963443911,"training_loss":2.302584954235552,"training_accuracy":0.10253703703703704,"_runtime":29.6369553,"_step":9,"_timestamp":1.741523175868908e+09,"epoch":9}