{"val_loss":2.3025852617766294,"val_accuracy":0.0535,"_runtime":18.8022779,"training_loss":2.302585223588504,"_wandb":{"runtime":18},"training_accuracy":0.05390740740740741,"epoch":9,"_step":9,"_timestamp":1.7415223187410333e+09}